SampleName,Sex,BiosampleID,PopulationCode,PopulationName,SuperpopulationCode,SuperpopulationName
HG00157,male,SAME124590,GBR,British,EUR,European Ancestry
HG00171,female,SAME124961,FIN,Finnish,EUR,European Ancestry
HG00188,male,SAME123641,FIN,Finnish,EUR,European Ancestry
HG00190,male,SAME123856,FIN,"Finnish,Finnish",EUR,"European Ancestry,West Eurasia (SGDP)"
HG00099,female,SAME123271,GBR,British,EUR,European Ancestry
HG00107,male,SAME123947,GBR,British,EUR,European Ancestry
HG00114,male,SAME125343,GBR,British,EUR,European Ancestry
HG00284,male,SAME122835,FIN,Finnish,EUR,European Ancestry
HG00258,female,SAME123057,GBR,British,EUR,European Ancestry
HG00133,female,SAME123062,GBR,British,EUR,European Ancestry
HG00152,male,SAME124593,GBR,British,EUR,European Ancestry
HG00513,female,SAME123526,CHS,Southern Han Chinese,EAS,East Asian Ancestry
HG00537,female,SAME124345,CHS,Southern Han Chinese,EAS,East Asian Ancestry
HG00551,female,SAME124252,PUR,Puerto Rican,AMR,American Ancestry
HG00657,female,SAME123255,CHS,Southern Han Chinese,EAS,East Asian Ancestry
HG00443,female,SAME124920,CHS,Southern Han Chinese,EAS,East Asian Ancestry
HG00479,female,SAME123334,CHS,Southern Han Chinese,EAS,East Asian Ancestry
HG00436,male,SAME125262,CHS,Southern Han Chinese,EAS,East Asian Ancestry
HG00619,male,SAME125193,CHS,Southern Han Chinese,EAS,East Asian Ancestry
HG00626,female,SAME123078,CHS,Southern Han Chinese,EAS,East Asian Ancestry
HG00607,male,SAME125373,CHS,Southern Han Chinese,EAS,East Asian Ancestry
HG00311,male,SAME124339,FIN,Finnish,EUR,European Ancestry
HG00323,female,SAME123795,FIN,Finnish,EUR,European Ancestry
HG00335,male,SAME123982,FIN,Finnish,EUR,European Ancestry
HG00342,male,SAME124924,FIN,Finnish,EUR,European Ancestry
HG00361,female,SAME124538,FIN,Finnish,EUR,European Ancestry
HG00378,female,SAME124745,FIN,Finnish,EUR,European Ancestry
HG01345,female,SAME124863,CLM,Colombian,AMR,American Ancestry
HG00739,male,SAME125113,PUR,Puerto Rican,AMR,American Ancestry
HG01028,male,SAME123524,CDX,Dai Chinese,EAS,East Asian Ancestry
HG01047,male,SAME123166,PUR,Puerto Rican,AMR,American Ancestry
HG01124,male,SAME124053,CLM,Colombian,AMR,American Ancestry
HG01131,female,SAME1839985,CLM,Colombian,AMR,American Ancestry
HG01136,male,SAME123889,CLM,Colombian,AMR,American Ancestry
HG01148,male,SAME124424,CLM,Colombian,AMR,American Ancestry
HG01256,male,SAME125287,CLM,Colombian,AMR,American Ancestry
HG01275,female,SAME123002,CLM,Colombian,AMR,American Ancestry
HG01085,male,SAME125391,PUR,Puerto Rican,AMR,American Ancestry
HG01054,male,SAME123663,PUR,Puerto Rican,AMR,American Ancestry
HG01066,male,SAME124294,PUR,Puerto Rican,AMR,American Ancestry
HG01073,female,SAME124095,PUR,Puerto Rican,AMR,American Ancestry
HG01167,male,SAME124798,PUR,Puerto Rican,AMR,American Ancestry
HG01174,female,SAME124619,PUR,Puerto Rican,AMR,American Ancestry
HG01198,female,SAME125228,PUR,Puerto Rican,AMR,American Ancestry
HG01302,male,SAME1840038,PUR,Puerto Rican,AMR,American Ancestry
HG01597,female,SAME125226,KHV,Kinh Vietnamese,EAS,East Asian Ancestry
HG01600,female,SAME123456,KHV,"Kinh,Kinh Vietnamese",EAS,"East Asia (SGDP),East Asian Ancestry"
HG01605,female,SAME123459,IBS,Iberian,EUR,European Ancestry
HG01612,female,SAME123625,IBS,Iberian,EUR,European Ancestry
HG01617,male,SAME123630,IBS,Iberian,EUR,European Ancestry
HG01504,female,SAME124945,IBS,"Iberian,Spanish",EUR,"European Ancestry,West Eurasia (SGDP)"
HG01509,male,SAME124940,IBS,Iberian,EUR,European Ancestry
HG01530,male,SAME125137,IBS,Iberian,EUR,European Ancestry
HG01566,female,SAME124564,PEL,Peruvian,AMR,American Ancestry
HG01578,female,SAME124351,PEL,Peruvian,AMR,American Ancestry
HG01390,female,SAME122805,CLM,Colombian,AMR,American Ancestry
HG01489,female,SAME123972,CLM,Colombian,AMR,American Ancestry
HG01756,male,SAME124988,IBS,Iberian,EUR,European Ancestry
HG01453,female,SAME1839159,CLM,Colombian,AMR,American Ancestry
HG01465,female,SAME122882,CLM,Colombian,AMR,American Ancestry
HG01871,female,SAME123398,KHV,Kinh Vietnamese,EAS,East Asian Ancestry
HG01883,female,SAME122848,ACB,African Caribbean,AFR,African Ancestry
HG01890,male,SAME123028,ACB,African Caribbean,AFR,African Ancestry
HG01939,female,SAME123592,PEL,Peruvian,AMR,American Ancestry
HG01953,male,SAME123974,PEL,Peruvian,AMR,American Ancestry
HG01965,female,SAME1839145,PEL,Peruvian,AMR,American Ancestry
HG01915,female,SAME1839757,ACB,African Caribbean,AFR,African Ancestry
HG01991,male,SAME124743,PEL,Peruvian,AMR,American Ancestry
HG01977,male,SAME124324,PEL,Peruvian,AMR,American Ancestry
HG01840,male,SAME123552,KHV,Kinh Vietnamese,EAS,East Asian Ancestry
HG01794,female,SAME124218,CDX,Dai Chinese,EAS,East Asian Ancestry
HG01807,female,SAME124303,CDX,Dai Chinese,EAS,East Asian Ancestry
HG02014,male,SAME123448,ACB,African Caribbean,AFR,African Ancestry
HG02095,female,SAME1839064,ACB,African Caribbean,AFR,African Ancestry
HG02064,male,SAME1839658,KHV,Kinh Vietnamese,EAS,East Asian Ancestry
HG02069,female,SAME123375,KHV,Kinh Vietnamese,EAS,East Asian Ancestry
HG02285,male,SAME122914,PEL,Peruvian,AMR,American Ancestry
HG02292,female,SAME1839943,PEL,Peruvian,AMR,American Ancestry
HG02367,male,SAME1840113,CDX,Dai Chinese,EAS,East Asian Ancestry
HG02184,female,SAME123216,CDX,Dai Chinese,EAS,East Asian Ancestry
HG02189,female,SAME125040,CDX,Dai Chinese,EAS,East Asian Ancestry
HG02223,female,SAME1839584,IBS,Iberian,EUR,European Ancestry
HG02266,female,SAME1839110,PEL,Peruvian,AMR,American Ancestry
HG02139,female,SAME123660,KHV,Kinh Vietnamese,EAS,East Asian Ancestry
HG02146,male,SAME1839613,PEL,Peruvian,AMR,American Ancestry
HG02153,female,SAME124791,CDX,Dai Chinese,EAS,East Asian Ancestry
HG02165,female,SAME124208,CDX,Dai Chinese,EAS,East Asian Ancestry
HG02588,male,SAME1839404,GWD,Gambian Mandinka,AFR,African Ancestry
HG02595,female,SAME1839204,GWD,Gambian Mandinka,AFR,African Ancestry
HG02494,female,SAME1839698,PJL,"Punjabi,Punjabi",SAS,"South Asia (SGDP),South Asian Ancestry"
HG02521,male,SAME1840327,KHV,Kinh Vietnamese,EAS,East Asian Ancestry
HG02691,female,SAME1839084,PJL,Punjabi,SAS,South Asian Ancestry
HG02728,female,SAME1839722,PJL,Punjabi,SAS,South Asian Ancestry
HG02545,male,SAME1839939,ACB,African Caribbean,AFR,African Ancestry
HG02420,male,SAME1839320,ACB,African Caribbean,AFR,African Ancestry
HG02634,male,SAME1840031,GWD,Gambian Mandinka,AFR,African Ancestry
HG02684,male,SAME1839292,PJL,Punjabi,SAS,South Asian Ancestry
HG02805,female,SAME1840081,GWD,Gambian Mandinka,AFR,African Ancestry
HG02970,female,SAME1840260,ESN,Esan,AFR,African Ancestry
HG02982,male,SAME1840015,GWD,Gambian Mandinka,AFR,African Ancestry
HG02836,male,SAME1839428,GWD,Gambian Mandinka,AFR,African Ancestry
HG03024,male,SAME1839799,GWD,Gambian Mandinka,AFR,African Ancestry
HG03048,male,SAME1839647,GWD,Gambian Mandinka,AFR,African Ancestry
HG03086,female,SAME1840331,MSL,Mende,AFR,African Ancestry
HG03199,male,SAME1839937,ESN,Esan,AFR,African Ancestry
HG03132,female,SAME1839373,ESN,Esan,AFR,African Ancestry
HG03163,male,SAME1839118,ESN,Esan,AFR,African Ancestry
HG03074,male,SAME1839029,MSL,Mende,AFR,African Ancestry
HG03081,male,SAME1840310,MSL,Mende,AFR,African Ancestry
HG02944,male,SAME1839082,ESN,Esan,AFR,African Ancestry
HG03461,female,SAME1839808,MSL,Mende,AFR,African Ancestry
HG03473,female,SAME1839687,MSL,Mende,AFR,African Ancestry
HG03485,female,SAME1839469,MSL,Mende,AFR,African Ancestry
HG03238,female,SAME1839289,PJL,Punjabi,SAS,South Asian Ancestry
HG03240,male,SAME1839050,GWD,Gambian Mandinka,AFR,African Ancestry
HG03593,male,SAME1839171,BEB,Bengali,SAS,South Asian Ancestry
HG03598,female,SAME1839194,BEB,Bengali,SAS,South Asian Ancestry
HG03517,female,SAME1840163,ESN,Esan,AFR,African Ancestry
HG03548,female,SAME1839883,MSL,Mende,AFR,African Ancestry
HG03303,female,SAME1839485,ESN,Esan,AFR,African Ancestry
HG03391,male,SAME1839636,MSL,Mende,AFR,African Ancestry
HG03442,male,SAME1839979,MSL,Mende,AFR,African Ancestry
HG03372,female,SAME1839716,ESN,Esan,AFR,African Ancestry
HG03714,female,SAME1839809,ITU,Telugu,SAS,South Asian Ancestry
HG03721,female,SAME1839659,ITU,Telugu,SAS,South Asian Ancestry
HG03740,male,SAME1839248,STU,Tamil,SAS,South Asian Ancestry
HG03644,male,SAME1839638,STU,Tamil,SAS,South Asian Ancestry
HG03687,male,SAME1840337,STU,Tamil,SAS,South Asian Ancestry
HG03872,male,SAME1840202,ITU,Telugu,SAS,South Asian Ancestry
HG03803,male,SAME1839527,BEB,Bengali,SAS,South Asian Ancestry
NA10835,male,SAME124547,CEU,CEPH,EUR,European Ancestry
NA10842,male,SAME124755,CEU,CEPH,EUR,European Ancestry
NA10859,female,SAME124937,CEU,CEPH,EUR,European Ancestry
NA10861,female,SAME125130,CEU,CEPH,EUR,European Ancestry
HG04200,female,SAME1839511,ITU,Telugu,SAS,South Asian Ancestry
HG03947,female,SAME1840378,STU,Tamil,SAS,South Asian Ancestry
HG03973,female,SAME1839728,ITU,Telugu,SAS,South Asian Ancestry
HG04180,female,SAME1840012,BEB,Bengali,SAS,South Asian Ancestry
HG04192,female,SAME1839902,BEB,Bengali,SAS,South Asian Ancestry
HG03904,female,SAME1839501,BEB,Bengali,SAS,South Asian Ancestry
HG03916,female,SAME1839316,BEB,Bengali,SAS,South Asian Ancestry
HG03928,female,SAME1839042,BEB,Bengali,SAS,South Asian Ancestry
HG04015,male,SAME1839847,ITU,Telugu,SAS,South Asian Ancestry
HG04022,male,SAME1839691,ITU,Telugu,SAS,South Asian Ancestry
HG04039,male,SAME1839506,STU,Tamil,SAS,South Asian Ancestry
HG04128,male,SAME1839253,BEB,Bengali,SAS,South Asian Ancestry
HG04147,female,SAME1839116,BEB,Bengali,SAS,South Asian Ancestry
NA12336,female,SAME125068,CEU,CEPH,EUR,European Ancestry
NA12386,female,SAME124386,CEU,CEPH,EUR,European Ancestry
NA12766,male,SAME124471,CEU,CEPH,EUR,European Ancestry
NA18555,female,SAME124090,CHB,Han Chinese,EAS,East Asian Ancestry
NA18567,female,SAME123924,CHB,Han Chinese,EAS,East Asian Ancestry
NA18579,female,SAME123742,CHB,Han Chinese,EAS,East Asian Ancestry
NA18625,female,SAME125253,CHB,Han Chinese,EAS,East Asian Ancestry
NA18632,male,SAME124703,CHB,Han Chinese,EAS,East Asian Ancestry
NA18942,female,SAME124308,JPT,Japanese,EAS,East Asian Ancestry
NA18947,female,SAME124313,JPT,Japanese,EAS,East Asian Ancestry
NA18637,male,SAME124700,CHB,Han Chinese,EAS,East Asian Ancestry
NA18853,male,SAME124733,YRI,Yoruba,AFR,African Ancestry
NA19096,male,SAME123662,YRI,Yoruba,AFR,African Ancestry
NA19027,male,SAME124850,LWK,Luhya,AFR,African Ancestry
NA18966,male,SAME123962,JPT,Japanese,EAS,East Asian Ancestry
NA19003,female,SAME124480,JPT,Japanese,EAS,East Asian Ancestry
NA18980,female,SAME123527,JPT,Japanese,EAS,East Asian Ancestry
NA19147,female,SAME124613,YRI,Yoruba,AFR,African Ancestry
NA19128,male,SAME125022,YRI,Yoruba,AFR,African Ancestry
NA19197,female,SAME125309,YRI,Yoruba,AFR,African Ancestry
NA19654,female,SAME123128,MXL,Mexican Ancestry,AMR,American Ancestry
NA19661,male,SAME122959,MXL,Mexican Ancestry,AMR,American Ancestry
NA19351,female,SAME122854,LWK,Luhya,AFR,African Ancestry
NA19399,female,SAME124498,LWK,Luhya,AFR,African Ancestry
NA19700,male,SAME124233,ASW,African Ancestry SW,AFR,African Ancestry
NA19717,male,SAME124451,MXL,Mexican Ancestry,AMR,American Ancestry
NA19921,female,SAME124712,ASW,African Ancestry SW,AFR,African Ancestry
NA20276,female,SAME123614,ASW,African Ancestry SW,AFR,African Ancestry
NA19762,male,SAME123897,MXL,Mexican Ancestry,AMR,American Ancestry
NA19774,male,SAME124064,MXL,Mexican Ancestry,AMR,American Ancestry
NA19786,male,SAME123149,MXL,Mexican Ancestry,AMR,American Ancestry
NA19729,male,SAME124701,MXL,Mexican Ancestry,AMR,American Ancestry
NA19750,male,SAME123698,MXL,Mexican Ancestry,AMR,American Ancestry
NA20505,female,SAME124359,TSI,Toscani,EUR,European Ancestry
NA19818,male,SAME124677,ASW,African Ancestry SW,AFR,African Ancestry
NA20334,female,SAME124196,ASW,African Ancestry SW,AFR,African Ancestry
NA20346,male,SAME124402,ASW,African Ancestry SW,AFR,African Ancestry
NA21142,female,SAME123344,GIH,Gujarati,SAS,South Asian Ancestry
NA20810,male,SAME125192,TSI,Toscani,EUR,European Ancestry
NA20822,female,SAME123073,TSI,Toscani,EUR,European Ancestry
NA20846,male,SAME123431,GIH,Gujarati,SAS,South Asian Ancestry
NA20853,female,SAME123243,GIH,Gujarati,SAS,South Asian Ancestry
NA20757,female,SAME124176,TSI,Toscani,EUR,European Ancestry
NA20764,female,SAME124368,TSI,Toscani,EUR,European Ancestry
NA20769,female,SAME124371,TSI,Toscani,EUR,European Ancestry
NA20896,female,SAME123665,GIH,Gujarati,SAS,South Asian Ancestry
NA20531,female,SAME124170,TSI,Toscani,EUR,European Ancestry
NA20536,male,SAME124167,TSI,Toscani,EUR,European Ancestry
NA20795,female,SAME123818,TSI,Toscani,EUR,European Ancestry
NA21111,male,SAME124179,GIH,Gujarati,SAS,South Asian Ancestry
NA20858,male,SAME123207,GIH,Gujarati,SAS,South Asian Ancestry
NA15208,male,,,Hungarian,,West Eurasia (SGDP)
NA15727,male,,,Czech,,West Eurasia (SGDP)
NA19022,female,,LWK,Luhya,AFR,African Ancestry
HG00098,male,SAME123272,GBR,British,EUR,European Ancestry
HG00404,female,SAME123158,CHS,Southern Han Chinese,EAS,East Asian Ancestry
HG00409,male,SAME1840026,CHS,Southern Han Chinese,EAS,East Asian Ancestry
HG00442,male,SAME124912,CHS,Southern Han Chinese,EAS,East Asian Ancestry
HG00346,female,SAME125264,FIN,Finnish,EUR,European Ancestry
HG00427,male,SAME122806,CHS,Southern Han Chinese,EAS,East Asian Ancestry
HG00360,male,SAME124539,FIN,"Finnish,Finnish",EUR,"European Ancestry,West Eurasia (SGDP)"
HG00365,female,SAME124542,FIN,Finnish,EUR,European Ancestry
HG00377,female,SAME124752,FIN,Finnish,EUR,European Ancestry
HG00268,female,SAME123574,FIN,Finnish,EUR,European Ancestry
HG00282,female,SAME122833,FIN,Finnish,EUR,European Ancestry
HG00269,female,SAME123575,FIN,Finnish,EUR,European Ancestry
HG00271,male,SAME123417,FIN,Finnish,EUR,European Ancestry
HG00100,female,SAME125154,GBR,British,EUR,European Ancestry
HG00117,male,SAME125346,GBR,British,EUR,European Ancestry
HG00124,female,SAME122870,GBR,British,EUR,European Ancestry
HG00129,male,SAME122867,GBR,British,EUR,European Ancestry
HG00131,male,SAME123064,GBR,British,EUR,European Ancestry
HG00137,female,SAME123066,GBR,British,EUR,European Ancestry
HG00148,male,SAME124388,GBR,British,EUR,European Ancestry
HG00149,male,SAME124387,GBR,British,EUR,European Ancestry
HG00101,male,SAME125153,GBR,British,EUR,European Ancestry
HG00106,female,SAME123948,GBR,British,EUR,European Ancestry
HG00120,female,SAME122874,GBR,British,EUR,European Ancestry
HG00125,female,SAME122869,GBR,British,EUR,European Ancestry
HG00357,female,SAME125124,FIN,Finnish,EUR,European Ancestry
HG00252,male,SAME123052,GBR,British,EUR,European Ancestry
HG00315,female,SAME124335,FIN,Finnish,EUR,European Ancestry
HG00321,male,SAME123796,FIN,Finnish,EUR,European Ancestry
HG00334,female,SAME123981,FIN,Finnish,EUR,European Ancestry
HG00338,male,SAME123990,FIN,Finnish,EUR,European Ancestry
HG00702,female,SAME122934,CHS,Southern Han Chinese,EAS,East Asian Ancestry
HG00566,female,SAME125048,CHS,Southern Han Chinese,EAS,East Asian Ancestry
HG00446,female,SAME123880,CHS,Southern Han Chinese,EAS,East Asian Ancestry
HG00472,male,SAME123339,CHS,Southern Han Chinese,EAS,East Asian Ancestry
HG00632,female,SAME1839151,CHS,Southern Han Chinese,EAS,East Asian Ancestry
HG00637,male,SAME123710,PUR,Puerto Rican,AMR,American Ancestry
HG00530,male,SAME124356,CHS,Southern Han Chinese,EAS,East Asian Ancestry
HG01130,male,SAME1839995,CLM,Colombian,AMR,American Ancestry
HG01142,male,SAME1839731,CLM,Colombian,AMR,American Ancestry
HG00651,female,SAME123966,CHS,Southern Han Chinese,EAS,East Asian Ancestry
HG01108,female,SAME123103,PUR,Puerto Rican,AMR,American Ancestry
HG00737,female,SAME125416,PUR,Puerto Rican,AMR,American Ancestry
HG00740,female,SAME124834,PUR,Puerto Rican,AMR,American Ancestry
HG00650,male,SAME123254,CHS,Southern Han Chinese,EAS,East Asian Ancestry
HG01058,female,SAME1840086,PUR,Puerto Rican,AMR,American Ancestry
HG01060,male,SAME123015,PUR,Puerto Rican,AMR,American Ancestry
HG01072,male,SAME124091,PUR,Puerto Rican,AMR,American Ancestry
HG01089,female,SAME1839432,PUR,Puerto Rican,AMR,American Ancestry
HG01242,female,SAME125064,PUR,Puerto Rican,AMR,American Ancestry
HG01104,male,SAME123672,PUR,Puerto Rican,AMR,American Ancestry
HG01259,male,SAME125280,CLM,Colombian,AMR,American Ancestry
HG01278,female,SAME123003,CLM,Colombian,AMR,American Ancestry
HG01527,male,SAME125326,IBS,Iberian,EUR,European Ancestry
HG01134,female,SAME123887,CLM,Colombian,AMR,American Ancestry
HG01464,male,SAME122883,CLM,Colombian,AMR,American Ancestry
HG01398,male,SAME1839950,PUR,Puerto Rican,AMR,American Ancestry
HG01286,male,SAME1839176,PUR,Puerto Rican,AMR,American Ancestry
HG01348,female,SAME124864,CLM,Colombian,AMR,American Ancestry
HG01344,male,SAME124862,CLM,Colombian,AMR,American Ancestry
HG01362,male,SAME1839066,CLM,Colombian,AMR,American Ancestry
HG01356,male,SAME124682,CLM,Colombian,AMR,American Ancestry
HG01494,male,SAME124135,CLM,Colombian,AMR,American Ancestry
HG01197,male,SAME124237,PUR,Puerto Rican,AMR,American Ancestry
HG01571,male,SAME124346,PEL,Peruvian,AMR,American Ancestry
HG01583,male,SAME1839895,PJL,Punjabi,SAS,South Asian Ancestry
HG01375,female,SAME124290,CLM,Colombian,AMR,American Ancestry
HG01595,female,SAME123569,KHV,Kinh Vietnamese,EAS,East Asian Ancestry
HG01572,female,SAME124705,PEL,Peruvian,AMR,American Ancestry
HG01577,male,SAME124349,PEL,Peruvian,AMR,American Ancestry
HG01589,male,SAME1839859,PJL,Punjabi,SAS,South Asian Ancestry
HG01596,male,SAME125227,KHV,Kinh Vietnamese,EAS,East Asian Ancestry
HG01879,male,SAME1839037,ACB,African Caribbean,AFR,African Ancestry
HG01894,female,SAME1840357,ACB,African Caribbean,AFR,African Ancestry
HG01766,female,SAME1839673,IBS,Iberian,EUR,European Ancestry
HG01773,female,SAME124635,IBS,Iberian,EUR,European Ancestry
HG01933,female,SAME123586,PEL,Peruvian,AMR,American Ancestry
HG01863,female,SAME123198,KHV,Kinh Vietnamese,EAS,East Asian Ancestry
HG01870,female,SAME123397,KHV,Kinh Vietnamese,EAS,East Asian Ancestry
HG01507,female,SAME124948,IBS,Iberian,EUR,European Ancestry
HG01519,female,SAME124765,IBS,Iberian,EUR,European Ancestry
HG01779,female,SAME124629,IBS,Iberian,EUR,European Ancestry
HG01608,male,SAME123462,IBS,Iberian,EUR,European Ancestry
HG01786,female,SAME1839312,IBS,Iberian,EUR,European Ancestry
HG01630,male,SAME124034,IBS,Iberian,EUR,European Ancestry
HG01673,female,SAME123289,IBS,Iberian,EUR,European Ancestry
HG01817,female,SAME124522,CDX,Dai Chinese,EAS,East Asian Ancestry
HG01678,male,SAME123292,IBS,Iberian,EUR,European Ancestry
HG01680,male,SAME124656,IBS,Iberian,EUR,European Ancestry
HG01700,male,SAME123261,IBS,Iberian,EUR,European Ancestry
HG01684,female,SAME124660,IBS,Iberian,EUR,European Ancestry
HG01798,female,SAME124228,CDX,Dai Chinese,EAS,East Asian Ancestry
HG01800,female,SAME124306,CDX,Dai Chinese,EAS,East Asian Ancestry
HG01806,female,SAME124304,CDX,Dai Chinese,EAS,East Asian Ancestry
HG01805,female,SAME124301,CDX,Dai Chinese,EAS,East Asian Ancestry
HG01813,female,SAME124518,CDX,Dai Chinese,EAS,East Asian Ancestry
HG01851,female,SAME123753,KHV,Kinh Vietnamese,EAS,East Asian Ancestry
HG02138,male,SAME123659,KHV,Kinh Vietnamese,EAS,East Asian Ancestry
HG02137,male,SAME1839862,KHV,Kinh Vietnamese,EAS,East Asian Ancestry
HG02152,female,SAME124790,CDX,Dai Chinese,EAS,East Asian Ancestry
HG02164,female,SAME124209,CDX,Dai Chinese,EAS,East Asian Ancestry
HG02031,female,SAME1839964,KHV,Kinh Vietnamese,EAS,East Asian Ancestry
HG02020,male,SAME125168,KHV,Kinh Vietnamese,EAS,East Asian Ancestry
HG01951,female,SAME123976,PEL,Peruvian,AMR,American Ancestry
HG02107,male,SAME1840206,ACB,African Caribbean,AFR,African Ancestry
HG02121,female,SAME123479,KHV,Kinh Vietnamese,EAS,East Asian Ancestry
HG01918,female,SAME123240,PEL,Peruvian,AMR,American Ancestry
HG02133,female,SAME1839882,KHV,Kinh Vietnamese,EAS,East Asian Ancestry
HG01932,male,SAME123587,PEL,Peruvian,AMR,American Ancestry
HG02067,male,SAME1839388,KHV,Kinh Vietnamese,EAS,East Asian Ancestry
HG02079,male,SAME123098,KHV,Kinh Vietnamese,EAS,East Asian Ancestry
HG02081,female,SAME124826,KHV,Kinh Vietnamese,EAS,East Asian Ancestry
HG02013,male,SAME1840396,ACB,African Caribbean,AFR,African Ancestry
HG02144,female,SAME1839624,ACB,African Caribbean,AFR,African Ancestry
HG02156,female,SAME124793,CDX,Dai Chinese,EAS,East Asian Ancestry
HG02082,male,SAME124950,KHV,Kinh Vietnamese,EAS,East Asian Ancestry
HG02087,female,SAME124678,KHV,Kinh Vietnamese,EAS,East Asian Ancestry
HG00111,female,SAME125340,GBR,British,EUR,European Ancestry
HG01988,male,SAME1840175,ACB,African Caribbean,AFR,African Ancestry
HG01990,male,SAME1840235,ACB,African Caribbean,AFR,African Ancestry
HG00123,female,SAME122875,GBR,British,EUR,European Ancestry
HG00096,male,SAME123268,GBR,British,EUR,European Ancestry
HG01982,male,SAME1840111,PEL,Peruvian,AMR,American Ancestry
HG02006,female,SAME1840279,PEL,Peruvian,AMR,American Ancestry
HG02012,female,SAME1840403,ACB,African Caribbean,AFR,African Ancestry
HG02017,male,SAME123445,KHV,Kinh Vietnamese,EAS,East Asian Ancestry
HG01945,female,SAME124153,PEL,Peruvian,AMR,American Ancestry
HG02478,male,SAME1839801,ACB,African Caribbean,AFR,African Ancestry
HG00128,female,SAME122868,GBR,"British,English",EUR,"European Ancestry,West Eurasia (SGDP)"
HG00130,female,SAME123063,GBR,British,EUR,European Ancestry
HG02485,female,SAME1839564,ACB,African Caribbean,AFR,African Ancestry
HG01971,female,SAME124326,PEL,Peruvian,AMR,American Ancestry
HG01983,female,SAME1840106,PEL,Peruvian,AMR,American Ancestry
HG02582,male,SAME1839431,GWD,Gambian Mandinka,AFR,African Ancestry
HG00407,female,SAME125106,CHS,Southern Han Chinese,EAS,East Asian Ancestry
HG00419,female,SAME122991,CHS,Southern Han Chinese,EAS,East Asian Ancestry
HG02442,male,SAME1840352,ACB,African Caribbean,AFR,African Ancestry
HG02524,male,SAME1840317,KHV,Kinh Vietnamese,EAS,East Asian Ancestry
HG00452,female,SAME123115,CHS,Southern Han Chinese,EAS,East Asian Ancestry
HG00464,female,SAME123497,CHS,Southern Han Chinese,EAS,East Asian Ancestry
HG02562,female,SAME1839832,GWD,Gambian Mandinka,AFR,African Ancestry
HG02568,female,SAME1839899,GWD,Gambian Mandinka,AFR,African Ancestry
HG02238,male,SAME1839423,IBS,Iberian,EUR,European Ancestry
HG02239,female,SAME1839420,IBS,Iberian,EUR,European Ancestry
HG00243,male,SAME123224,GBR,British,EUR,European Ancestry
HG02253,male,SAME1839347,PEL,Peruvian,AMR,American Ancestry
HG00255,female,SAME123049,GBR,British,EUR,European Ancestry
HG02271,male,SAME1840319,PEL,Peruvian,AMR,American Ancestry
HG02265,male,SAME1839117,PEL,Peruvian,AMR,American Ancestry
HG02283,male,SAME1840173,ACB,African Caribbean,AFR,African Ancestry
HG02277,male,SAME1840370,PEL,Peruvian,AMR,American Ancestry
HG00313,female,SAME124337,FIN,Finnish,EUR,European Ancestry
HG02308,female,SAME1839529,ACB,African Caribbean,AFR,African Ancestry
HG02493,male,SAME1839704,PJL,Punjabi,SAS,South Asian Ancestry
HG02182,female,SAME125035,CDX,Dai Chinese,EAS,East Asian Ancestry
HG00325,male,SAME123793,FIN,Finnish,EUR,European Ancestry
HG02429,male,SAME1839021,ACB,African Caribbean,AFR,African Ancestry
HG00159,male,SAME124586,GBR,British,EUR,European Ancestry
HG02455,male,SAME1840198,ACB,African Caribbean,AFR,African Ancestry
HG00173,female,SAME124960,FIN,Finnish,EUR,European Ancestry
HG02384,male,SAME1840011,CDX,Dai Chinese,EAS,East Asian Ancestry
HG00349,female,SAME124925,FIN,Finnish,EUR,European Ancestry
HG02309,female,SAME1839525,ACB,African Caribbean,AFR,African Ancestry
HG02372,male,SAME1840258,CDX,Dai Chinese,EAS,East Asian Ancestry
HG00368,female,SAME124535,FIN,Finnish,EUR,European Ancestry
HG02284,male,SAME1840168,ACB,African Caribbean,AFR,African Ancestry
HG02291,male,SAME1839948,PEL,Peruvian,AMR,American Ancestry
HG00274,female,SAME123422,FIN,Finnish,EUR,European Ancestry
HG00692,male,SAME123684,CHS,Southern Han Chinese,EAS,East Asian Ancestry
HG02771,male,SAME1839045,GWD,Gambian Mandinka,AFR,African Ancestry
HG02789,male,SAME1840280,PJL,Punjabi,SAS,South Asian Ancestry
HG00717,female,SAME124926,CHS,Southern Han Chinese,EAS,East Asian Ancestry
HG00731,male,SAME125390,PUR,Puerto Rican,AMR,American Ancestry
HG00565,male,SAME124452,CHS,Southern Han Chinese,EAS,East Asian Ancestry
HG00584,female,SAME124663,CHS,Southern Han Chinese,EAS,East Asian Ancestry
HG00589,male,SAME124824,CHS,Southern Han Chinese,EAS,East Asian Ancestry
HG00596,female,SAME125007,CHS,Southern Han Chinese,EAS,East Asian Ancestry
HG02943,female,SAME1839085,ESN,"Esan,Esan",AFR,"African Ancestry,Africa (SGDP)"
HG02721,male,SAME1839749,GWD,Gambian Mandinka,AFR,African Ancestry
HG01119,female,SAME1840402,CLM,Colombian,AMR,American Ancestry
HG02690,male,SAME1839088,PJL,Punjabi,SAS,South Asian Ancestry
HG01121,male,SAME1840127,CLM,Colombian,AMR,American Ancestry
HG02703,female,SAME1840142,GWD,Gambian Mandinka,AFR,African Ancestry
HG02715,male,SAME1839987,GWD,Gambian Mandinka,AFR,African Ancestry
HG01133,male,SAME123884,CLM,Colombian,AMR,American Ancestry
HG02727,male,SAME1839727,PJL,Punjabi,SAS,South Asian Ancestry
HG02687,male,SAME1839270,PJL,Punjabi,SAS,South Asian Ancestry
HG03009,male,SAME1840256,BEB,Bengali,SAS,South Asian Ancestry
HG03016,female,SAME1839952,PJL,Punjabi,SAS,South Asian Ancestry
HG01188,female,SAME124927,PUR,Puerto Rican,AMR,American Ancestry
HG03028,female,SAME1839729,GWD,Gambian Mandinka,AFR,African Ancestry
HG02657,male,SAME1839600,PJL,Punjabi,SAS,South Asian Ancestry
HG02688,female,SAME1839358,PJL,Punjabi,SAS,South Asian Ancestry
HG00736,male,SAME123058,PUR,Puerto Rican,AMR,American Ancestry
HG00844,male,SAME123952,CDX,Dai Chinese,EAS,East Asian Ancestry
HG00983,male,SAME123769,CDX,Dai Chinese,EAS,East Asian Ancestry
HG03015,male,SAME1839940,PJL,Punjabi,SAS,South Asian Ancestry
HG03066,male,SAME1839324,MSL,Mende,AFR,African Ancestry
HG03073,female,SAME1839019,MSL,Mende,AFR,African Ancestry
HG01102,female,SAME123678,PUR,Puerto Rican,AMR,American Ancestry
HG03039,male,SAME1839593,GWD,Gambian Mandinka,AFR,African Ancestry
HG01107,male,SAME123675,PUR,Puerto Rican,AMR,American Ancestry
HG03085,female,SAME1840328,MSL,"Mende,Mende",AFR,"African Ancestry,Africa (SGDP)"
HG03058,female,SAME1839442,MSL,Mende,AFR,African Ancestry
HG03060,male,SAME1839211,MSL,Mende,AFR,African Ancestry
HG03383,female,SAME1839583,MSL,Mende,AFR,African Ancestry
HG03388,male,SAME1839524,MSL,Mende,AFR,African Ancestry
HG01392,male,SAME1840234,PUR,Puerto Rican,AMR,American Ancestry
HG03077,male,SAME1839044,MSL,Mende,AFR,African Ancestry
HG03097,female,SAME1840130,MSL,Mende,AFR,African Ancestry
HG03100,male,SAME1840003,ESN,"Esan,Esan",AFR,"African Ancestry,Africa (SGDP)"
HG01412,male,SAME1839619,PUR,Puerto Rican,AMR,American Ancestry
HG03105,female,SAME1840041,ESN,Esan,AFR,African Ancestry
HG03112,male,SAME1839893,ESN,Esan,AFR,African Ancestry
HG01474,female,SAME1840189,CLM,Colombian,AMR,American Ancestry
HG03117,female,SAME1839821,ESN,Esan,AFR,African Ancestry
HG01479,male,SAME1840251,CLM,Colombian,AMR,American Ancestry
HG03091,female,SAME1840360,MSL,Mende,AFR,African Ancestry
HG03109,male,SAME1839765,ESN,Esan,AFR,African Ancestry
HG03111,female,SAME1839884,ESN,Esan,AFR,African Ancestry
HG03124,male,SAME1839669,ESN,Esan,AFR,African Ancestry
HG01551,female,SAME124008,CLM,Colombian,AMR,American Ancestry
HG01241,male,SAME125065,PUR,Puerto Rican,AMR,American Ancestry
HG03212,female,SAME1839399,MSL,Mende,AFR,African Ancestry
HG03193,male,SAME1839909,ESN,Esan,AFR,African Ancestry
HG03198,female,SAME1839933,ESN,Esan,AFR,African Ancestry
HG01258,male,SAME125279,CLM,Colombian,AMR,American Ancestry
HG03130,male,SAME1839365,ESN,Esan,AFR,African Ancestry
HG03410,female,SAME1839182,MSL,Mende,AFR,African Ancestry
HG03439,male,SAME1840213,MSL,Mende,AFR,African Ancestry
HG01284,female,SAME1839191,CLM,Colombian,AMR,American Ancestry
HG03159,female,SAME1839092,ESN,Esan,AFR,African Ancestry
HG01311,male,SAME1839796,PUR,Puerto Rican,AMR,American Ancestry
HG03307,male,SAME1839509,ESN,Esan,AFR,African Ancestry
HG01506,male,SAME124947,IBS,Iberian,EUR,European Ancestry
HG01513,female,SAME124768,IBS,Iberian,EUR,European Ancestry
HG01518,male,SAME124766,IBS,Iberian,EUR,European Ancestry
HG01525,female,SAME125328,IBS,Iberian,EUR,European Ancestry
HG01347,male,SAME124861,CLM,Colombian,AMR,American Ancestry
HG03301,male,SAME1839472,ESN,Esan,AFR,African Ancestry
HG03484,male,SAME1839393,MSL,Mende,AFR,African Ancestry
HG01455,male,SAME123429,CLM,Colombian,AMR,American Ancestry
HG03511,female,SAME1840131,ESN,Esan,AFR,African Ancestry
HG01366,female,SAME125265,CLM,Colombian,AMR,American Ancestry
HG03508,female,SAME1840286,ESN,Esan,AFR,African Ancestry
HG01602,female,SAME123454,IBS,Iberian,EUR,European Ancestry
HG03756,female,SAME1839080,STU,Tamil,SAS,South Asian Ancestry
HG03539,female,SAME1840014,GWD,Gambian Mandinka,AFR,African Ancestry
HG03394,male,SAME1839648,MSL,Mende,AFR,African Ancestry
HG03600,male,SAME1840215,BEB,Bengali,SAS,South Asian Ancestry
HG01948,female,SAME124144,PEL,Peruvian,AMR,American Ancestry
HG01950,male,SAME123977,PEL,Peruvian,AMR,American Ancestry
HG01967,male,SAME124530,PEL,Peruvian,AMR,American Ancestry
HG01765,male,SAME1839681,IBS,Iberian,EUR,European Ancestry
HG03577,male,SAME1839242,MSL,Mende,AFR,African Ancestry
HG01789,male,SAME124433,GBR,British,EUR,European Ancestry
HG03681,male,SAME1840321,STU,Tamil,SAS,South Asian Ancestry
HG03686,male,SAME1840335,STU,Tamil,SAS,South Asian Ancestry
HG01917,male,SAME123235,PEL,Peruvian,AMR,American Ancestry
HG01866,male,SAME123195,KHV,Kinh Vietnamese,EAS,East Asian Ancestry
HG03697,male,SAME1840137,STU,Tamil,SAS,South Asian Ancestry
HG01873,male,SAME123400,KHV,Kinh Vietnamese,EAS,East Asian Ancestry
HG03705,male,SAME1840051,PJL,Punjabi,SAS,South Asian Ancestry
HG01880,female,SAME1839109,ACB,African Caribbean,AFR,African Ancestry
HG03650,female,SAME1839488,PJL,Punjabi,SAS,South Asian Ancestry
HG00381,female,SAME123030,FIN,Finnish,EUR,European Ancestry
HG01626,female,SAME123842,IBS,Iberian,EUR,European Ancestry
HG00418,male,SAME122992,CHS,Southern Han Chinese,EAS,East Asian Ancestry
HG00420,male,SAME122807,CHS,Southern Han Chinese,EAS,East Asian Ancestry
HG03794,male,SAME1839920,BEB,Bengali,SAS,South Asian Ancestry
HG01676,female,SAME123284,IBS,Iberian,EUR,European Ancestry
HG03802,female,SAME1839608,BEB,Bengali,SAS,South Asian Ancestry
HG01791,male,SAME124221,GBR,British,EUR,European Ancestry
HG00139,male,SAME123060,GBR,British,EUR,European Ancestry
HG01796,female,SAME124220,CDX,Dai Chinese,EAS,East Asian Ancestry
HG00141,male,SAME124395,GBR,British,EUR,European Ancestry
HG03673,female,SAME1839030,STU,Tamil,SAS,South Asian Ancestry
HG00146,female,SAME124390,GBR,British,EUR,European Ancestry
HG01809,female,SAME124299,CDX,Dai Chinese,EAS,East Asian Ancestry
HG03457,male,SAME1839781,MSL,Mende,AFR,African Ancestry
HG00158,female,SAME124585,GBR,British,EUR,European Ancestry
HG03821,male,SAME1839449,BEB,Bengali,SAS,South Asian Ancestry
HG03476,female,SAME1839702,MSL,Mende,AFR,African Ancestry
HG03604,female,SAME1840236,BEB,Bengali,SAS,South Asian Ancestry
HG00235,female,SAME124122,GBR,British,EUR,European Ancestry
HG00242,male,SAME123223,GBR,British,EUR,European Ancestry
HG00247,female,SAME123220,GBR,British,EUR,European Ancestry
HG00254,female,SAME123050,GBR,British,EUR,European Ancestry
HG03729,male,SAME1839701,ITU,Telugu,SAS,South Asian Ancestry
HG01859,female,SAME123535,KHV,Kinh Vietnamese,EAS,East Asian Ancestry
HG00261,female,SAME123583,GBR,British,EUR,European Ancestry
HG04146,male,SAME1839108,BEB,Bengali,SAS,South Asian Ancestry
HG00312,male,SAME124336,FIN,Finnish,EUR,European Ancestry
HG00324,female,SAME123794,FIN,Finnish,EUR,European Ancestry
HG03838,female,SAME1839297,STU,Tamil,SAS,South Asian Ancestry
HG04070,female,SAME1840411,ITU,Telugu,SAS,South Asian Ancestry
HG00336,male,SAME123983,FIN,Finnish,EUR,European Ancestry
HG02009,male,SAME123622,ACB,African Caribbean,AFR,African Ancestry
HG00103,male,SAME125151,GBR,British,EUR,European Ancestry
HG04099,female,SAME1840065,STU,Tamil,SAS,South Asian Ancestry
HG03869,male,SAME1840104,ITU,Telugu,SAS,South Asian Ancestry
HG03871,male,SAME1840200,ITU,Telugu,SAS,South Asian Ancestry
HG03882,female,SAME1839999,ITU,Telugu,SAS,South Asian Ancestry
HG03941,male,SAME1840353,BEB,Bengali,SAS,South Asian Ancestry
HG03894,female,SAME1839885,STU,Tamil,SAS,South Asian Ancestry
HG03965,male,SAME1840063,ITU,Telugu,SAS,South Asian Ancestry
HG00273,male,SAME123419,FIN,Finnish,EUR,European Ancestry
HG02143,male,SAME1839628,ACB,African Caribbean,AFR,African Ancestry
HG03972,female,SAME1839721,ITU,Telugu,SAS,South Asian Ancestry
HG00278,male,SAME123425,FIN,Finnish,EUR,European Ancestry
HG03977,female,SAME1839746,ITU,Telugu,SAS,South Asian Ancestry
HG03990,male,SAME1839637,STU,Tamil,SAS,South Asian Ancestry
HG02155,female,SAME124795,CDX,Dai Chinese,EAS,East Asian Ancestry
HG04177,female,SAME1839992,BEB,Bengali,SAS,South Asian Ancestry
HG02105,female,SAME123873,PEL,Peruvian,AMR,American Ancestry
HG04006,male,SAME1839787,STU,Tamil,SAS,South Asian Ancestry
HG04018,female,SAME1839565,ITU,Telugu,SAS,South Asian Ancestry
HG00367,female,SAME124540,FIN,Finnish,EUR,European Ancestry
HG04020,male,SAME1839685,ITU,Telugu,SAS,South Asian Ancestry
HG04191,male,SAME1839897,BEB,Bengali,SAS,South Asian Ancestry
HG02136,female,SAME1839865,KHV,Kinh Vietnamese,EAS,East Asian Ancestry
HG04025,female,SAME1839614,ITU,Telugu,SAS,South Asian Ancestry
HG03837,male,SAME1839291,STU,Tamil,SAS,South Asian Ancestry
HG03888,female,SAME1840039,STU,Tamil,SAS,South Asian Ancestry
HG03844,male,SAME1839166,STU,Tamil,SAS,South Asian Ancestry
HG03890,male,SAME1839864,STU,Tamil,SAS,South Asian Ancestry
HG03895,female,SAME1839888,STU,Tamil,SAS,South Asian Ancestry
HG03856,male,SAME1840291,STU,Tamil,SAS,South Asian Ancestry
HG03863,female,SAME1840162,ITU,Telugu,SAS,South Asian Ancestry
HG03870,male,SAME1840196,ITU,Telugu,SAS,South Asian Ancestry
HG00759,female,SAME125020,CDX,Dai Chinese,EAS,East Asian Ancestry
HG04140,male,SAME1839173,BEB,Bengali,SAS,South Asian Ancestry
HG00766,female,SAME124458,CDX,Dai Chinese,EAS,East Asian Ancestry
HG03781,female,SAME1840117,ITU,Telugu,SAS,South Asian Ancestry
HG02275,female,SAME1840376,PEL,Peruvian,AMR,American Ancestry
HG03786,male,SAME1840218,ITU,Telugu,SAS,South Asian Ancestry
HG04014,female,SAME1839844,ITU,Telugu,SAS,South Asian Ancestry
HG00881,male,SAME123540,CDX,Dai Chinese,EAS,East Asian Ancestry
HG03793,female,SAME1839915,BEB,Bengali,SAS,South Asian Ancestry
HG00982,male,SAME123770,CDX,Dai Chinese,EAS,East Asian Ancestry
HG02016,female,SAME123446,KHV,Kinh Vietnamese,EAS,East Asian Ancestry
HG02580,female,SAME1839366,ACB,African Caribbean,AFR,African Ancestry
HG02585,male,SAME1839418,GWD,Gambian Mandinka,AFR,African Ancestry
HG00641,female,SAME123435,PUR,Puerto Rican,AMR,American Ancestry
HG02597,male,SAME1839199,PJL,Punjabi,SAS,South Asian Ancestry
HG02600,male,SAME1840302,PJL,Punjabi,SAS,South Asian Ancestry
HG03940,female,SAME1840346,BEB,Bengali,SAS,South Asian Ancestry
HG00684,female,SAME123890,CHS,Southern Han Chinese,EAS,East Asian Ancestry
HG03976,male,SAME1839739,ITU,Telugu,SAS,South Asian Ancestry
NA12878,female,SAME123392,CEU,CEPH,EUR,European Ancestry
NA12892,female,SAME123181,CEU,CEPH,EUR,European Ancestry
HG00449,female,SAME123885,CHS,Southern Han Chinese,EAS,East Asian Ancestry
HG02307,male,SAME1839535,ACB,African Caribbean,AFR,African Ancestry
HG02314,male,SAME1839674,ACB,African Caribbean,AFR,African Ancestry
HG00475,male,SAME123342,CHS,Southern Han Chinese,EAS,East Asian Ancestry
NA06989,female,SAME124760,CEU,CEPH,EUR,European Ancestry
HG01048,male,SAME123169,PUR,Puerto Rican,AMR,American Ancestry
HG02410,male,SAME1839207,CDX,Dai Chinese,EAS,East Asian Ancestry
NA07014,female,SAME125162,CEU,CEPH,EUR,European Ancestry
HG01055,female,SAME123638,PUR,Puerto Rican,AMR,American Ancestry
NA07019,female,SAME125152,CEU,CEPH,EUR,European Ancestry
NA07348,female,SAME123567,CEU,CEPH,EUR,European Ancestry
HG00608,female,SAME125369,CHS,Southern Han Chinese,EAS,East Asian Ancestry
HG00610,male,SAME125199,CHS,Southern Han Chinese,EAS,East Asian Ancestry
HG02643,female,SAME1839785,GWD,Gambian Mandinka,AFR,African Ancestry
HG00622,male,SAME1839278,CHS,Southern Han Chinese,EAS,East Asian Ancestry
HG00634,male,SAME122903,CHS,Southern Han Chinese,EAS,East Asian Ancestry
HG02554,male,SAME1840075,ACB,African Caribbean,AFR,African Ancestry
NA12877,male,SAME123391,CEU,CEPH,EUR,European Ancestry
NA18504,male,SAME125061,YRI,Yoruba,AFR,African Ancestry
NA12889,male,SAME123951,CEU,CEPH,EUR,European Ancestry
HG02561,male,SAME1839838,GWD,Gambian Mandinka,AFR,African Ancestry
NA12891,male,SAME124117,CEU,CEPH,EUR,European Ancestry
HG02573,male,SAME1839567,GWD,Gambian Mandinka,AFR,African Ancestry
NA18516,male,SAME124884,YRI,Yoruba,AFR,African Ancestry
HG02477,female,SAME1839710,ACB,African Caribbean,AFR,African Ancestry
NA18523,female,SAME124670,YRI,Yoruba,AFR,African Ancestry
NA18528,female,SAME124661,CHB,Han Chinese,EAS,East Asian Ancestry
HG00583,male,SAME124829,CHS,Southern Han Chinese,EAS,East Asian Ancestry
HG02496,male,SAME1839688,ACB,African Caribbean,AFR,African Ancestry
HG01086,female,SAME125394,PUR,Puerto Rican,AMR,American Ancestry
HG02364,male,SAME1840125,CDX,Dai Chinese,EAS,East Asian Ancestry
HG01101,male,SAME123677,PUR,Puerto Rican,AMR,American Ancestry
NA12335,male,SAME124097,CEU,CEPH,EUR,European Ancestry
HG04210,male,SAME1839225,STU,Tamil,SAS,South Asian Ancestry
HG02390,male,SAME1839788,CDX,Dai Chinese,EAS,East Asian Ancestry
HG01308,male,SAME1840002,PUR,Puerto Rican,AMR,American Ancestry
HG04227,female,SAME1839056,STU,Tamil,SAS,South Asian Ancestry
HG02953,male,SAME1840271,ESN,Esan,AFR,African Ancestry
HG01341,male,SAME124859,CLM,Colombian,AMR,American Ancestry
HG01377,male,SAME124288,CLM,Colombian,AMR,American Ancestry
HG01384,female,SAME122969,CLM,Colombian,AMR,American Ancestry
HG01389,male,SAME122972,CLM,Colombian,AMR,American Ancestry
HG04183,female,SAME1840044,BEB,Bengali,SAS,South Asian Ancestry
HG03019,female,SAME1840060,PJL,Punjabi,SAS,South Asian Ancestry
HG01396,female,SAME1839954,PUR,Puerto Rican,AMR,American Ancestry
NA10839,female,SAME124551,CEU,CEPH,EUR,European Ancestry
HG01447,female,SAME1839099,CLM,Colombian,AMR,American Ancestry
HG03052,female,SAME1839496,MSL,Mende,AFR,African Ancestry
HG02895,male,SAME1839918,GWD,Gambian Mandinka,AFR,African Ancestry
HG02922,female,SAME1839441,ESN,Esan,AFR,African Ancestry
NA18941,female,SAME124311,JPT,Japanese,EAS,East Asian Ancestry
NA18946,female,SAME124312,JPT,Japanese,EAS,East Asian Ancestry
NA10852,female,SAME125320,CEU,CEPH,EUR,European Ancestry
HG01492,female,SAME124137,CLM,Colombian,AMR,American Ancestry
NA10857,male,SAME125332,CEU,CEPH,EUR,European Ancestry
HG01500,male,SAME124941,IBS,Iberian,EUR,European Ancestry
HG01168,female,SAME124796,PUR,Puerto Rican,AMR,American Ancestry
NA18940,male,SAME124310,JPT,"Japanese,Japanese",EAS,"East Asia (SGDP),East Asian Ancestry"
HG02679,female,SAME1839471,GWD,Gambian Mandinka,AFR,African Ancestry
HG02681,male,SAME1839304,PJL,Punjabi,SAS,South Asian Ancestry
NA18539,female,SAME124475,CHB,Han Chinese,EAS,East Asian Ancestry
HG01187,male,SAME124783,PUR,Puerto Rican,AMR,American Ancestry
HG02737,female,SAME1839857,PJL,Punjabi,SAS,South Asian Ancestry
NA18546,male,SAME124263,CHB,Han Chinese,EAS,East Asian Ancestry
NA18553,female,SAME124088,CHB,Han Chinese,EAS,East Asian Ancestry
HG01257,female,SAME125288,CLM,Colombian,AMR,American Ancestry
HG02768,male,SAME1839235,GWD,Gambian Mandinka,AFR,African Ancestry
HG01269,female,SAME1839257,CLM,Colombian,AMR,American Ancestry
NA18566,female,SAME123923,CHB,Han Chinese,EAS,East Asian Ancestry
NA18510,male,SAME124886,YRI,Yoruba,AFR,African Ancestry
NA18592,female,SAME123721,CHB,Han Chinese,EAS,East Asian Ancestry
HG01137,female,SAME123888,CLM,Colombian,AMR,American Ancestry
NA18605,male,SAME124877,CHB,Han Chinese,EAS,East Asian Ancestry
NA18530,male,SAME124484,CHB,Han Chinese,EAS,East Asian Ancestry
NA18868,male,SAME124910,YRI,Yoruba,AFR,African Ancestry
NA18612,male,SAME125036,CHB,Han Chinese,EAS,East Asian Ancestry
HG01550,male,SAME124009,CLM,Colombian,AMR,American Ancestry
HG03057,male,SAME1839434,MSL,Mende,AFR,African Ancestry
NA18616,female,SAME125032,CHB,Han Chinese,EAS,East Asian Ancestry
NA18623,male,SAME124507,CHB,Han Chinese,EAS,East Asian Ancestry
NA18989,male,SAME125079,JPT,Japanese,EAS,East Asian Ancestry
HG01586,male,SAME1839879,PJL,Punjabi,SAS,South Asian Ancestry
HG03076,female,SAME1839038,MSL,Mende,AFR,African Ancestry
HG01815,female,SAME124524,CDX,Dai Chinese,EAS,East Asian Ancestry
NA18565,female,SAME123922,CHB,Han Chinese,EAS,East Asian Ancestry
NA18953,male,SAME124113,JPT,Japanese,EAS,East Asian Ancestry
NA18960,male,SAME123956,JPT,Japanese,EAS,East Asian Ancestry
HG01846,male,SAME123558,KHV,"Kinh,Kinh Vietnamese",EAS,"East Asia (SGDP),East Asian Ancestry"
NA18577,female,SAME123734,CHB,Han Chinese,EAS,East Asian Ancestry
NA18965,male,SAME123961,JPT,Japanese,EAS,East Asian Ancestry
HG01853,female,SAME123751,KHV,Kinh Vietnamese,EAS,East Asian Ancestry
NA18591,female,SAME123719,CHB,Han Chinese,EAS,East Asian Ancestry
NA18972,female,SAME123762,JPT,Japanese,EAS,East Asian Ancestry
NA18977,male,SAME123765,JPT,Japanese,EAS,East Asian Ancestry
HG03247,female,SAME1839174,GWD,Gambian Mandinka,AFR,African Ancestry
NA19146,male,SAME125080,YRI,Yoruba,AFR,African Ancestry
HG01512,male,SAME124769,IBS,Iberian,EUR,European Ancestry
NA19153,male,SAME123019,YRI,Yoruba,AFR,African Ancestry
HG03172,male,SAME1840392,ESN,Esan,AFR,African Ancestry
NA18969,female,SAME123954,JPT,Japanese,EAS,East Asian Ancestry
HG03189,female,SAME1840226,ESN,Esan,AFR,African Ancestry
NA18971,male,SAME123763,JPT,Japanese,EAS,East Asian Ancestry
HG01598,female,SAME125239,KHV,Kinh Vietnamese,EAS,East Asian Ancestry
NA18642,female,SAME122982,CHB,Han Chinese,EAS,East Asian Ancestry
NA19189,male,SAME123869,YRI,Yoruba,AFR,African Ancestry
HG01606,male,SAME123458,IBS,Iberian,EUR,European Ancestry
HG03228,male,SAME1839232,PJL,Punjabi,SAS,South Asian Ancestry
HG03393,female,SAME1839645,MSL,Mende,AFR,African Ancestry
NA18983,male,SAME125074,JPT,Japanese,EAS,East Asian Ancestry
NA19331,male,SAME123250,LWK,Luhya,AFR,African Ancestry
NA19350,male,SAME122853,LWK,Luhya,AFR,African Ancestry
HG03437,female,SAME1840123,MSL,Mende,AFR,African Ancestry
NA19355,female,SAME124077,LWK,Luhya,AFR,African Ancestry
HG03449,female,SAME1839923,MSL,Mende,AFR,African Ancestry
HG01776,female,SAME124632,IBS,Iberian,EUR,European Ancestry
HG01865,male,SAME123196,KHV,Kinh Vietnamese,EAS,East Asian Ancestry
NA19068,male,SAME123012,JPT,Japanese,EAS,East Asian Ancestry
HG01872,male,SAME123995,KHV,Kinh Vietnamese,EAS,East Asian Ancestry
HG03103,male,SAME1840022,ESN,Esan,AFR,African Ancestry
NA19070,male,SAME122820,JPT,Japanese,EAS,East Asian Ancestry
HG03108,female,SAME1839760,ESN,Esan,AFR,African Ancestry
NA19122,female,SAME125014,YRI,Yoruba,AFR,African Ancestry
NA19127,female,SAME125017,YRI,Yoruba,AFR,African Ancestry
HG03115,male,SAME1839812,ESN,Esan,AFR,African Ancestry
HG01694,male,SAME124844,IBS,Iberian,EUR,European Ancestry
HG01699,male,SAME1839210,IBS,Iberian,EUR,European Ancestry
HG03127,male,SAME1839686,ESN,Esan,AFR,African Ancestry
NA19114,female,SAME122953,YRI,Yoruba,AFR,African Ancestry
NA19119,male,SAME122944,YRI,Yoruba,AFR,African Ancestry
HG03470,female,SAME1839670,MSL,Mende,AFR,African Ancestry
NA19019,female,SAME124000,LWK,Luhya,AFR,African Ancestry
HG02089,female,SAME124821,PEL,Peruvian,AMR,American Ancestry
HG03300,female,SAME1839467,ESN,Esan,AFR,African Ancestry
HG02111,female,SAME1839922,ACB,African Caribbean,AFR,African Ancestry
HG02116,male,SAME1839990,KHV,Kinh Vietnamese,EAS,East Asian Ancestry
HG02128,male,SAME123475,KHV,Kinh Vietnamese,EAS,East Asian Ancestry
HG02130,female,SAME1839904,KHV,Kinh Vietnamese,EAS,East Asian Ancestry
HG03499,female,SAME1839219,ESN,Esan,AFR,African Ancestry
HG01935,male,SAME123588,PEL,Peruvian,AMR,American Ancestry
NA19037,female,SAME124665,LWK,Luhya,AFR,African Ancestry
NA19449,female,SAME122946,LWK,Luhya,AFR,African Ancestry
HG01942,female,SAME124150,PEL,Peruvian,AMR,American Ancestry
HG03521,male,SAME1840190,ESN,Esan,AFR,African Ancestry
NA18988,male,SAME125078,JPT,Japanese,EAS,East Asian Ancestry
HG01947,male,SAME124155,PEL,Peruvian,AMR,American Ancestry
NA19463,female,SAME123297,LWK,Luhya,AFR,African Ancestry
NA19001,female,SAME124478,JPT,Japanese,EAS,East Asian Ancestry
HG01961,male,SAME1839067,PEL,Peruvian,AMR,American Ancestry
HG01985,female,SAME1840099,ACB,African Caribbean,AFR,African Ancestry
HG03639,male,SAME1839603,PJL,Punjabi,SAS,South Asian Ancestry
HG01992,female,SAME124742,PEL,Peruvian,AMR,American Ancestry
HG01997,female,SAME124740,PEL,Peruvian,AMR,American Ancestry
NA19328,female,SAME123463,LWK,Luhya,AFR,African Ancestry
HG02003,female,SAME123619,PEL,Peruvian,AMR,American Ancestry
NA19347,male,SAME124340,LWK,Luhya,AFR,African Ancestry
NA19901,female,SAME125049,ASW,African Ancestry SW,AFR,African Ancestry
HG02010,female,SAME123444,ACB,African Caribbean,AFR,African Ancestry
HG03672,male,SAME1839020,STU,Tamil,SAS,South Asian Ancestry
NA19723,male,SAME124695,MXL,Mexican Ancestry,AMR,American Ancestry
HG01896,female,SAME1840348,ACB,African Caribbean,AFR,African Ancestry
NA19728,female,SAME124702,MXL,Mexican Ancestry,AMR,American Ancestry
NA19789,male,SAME123152,MXL,Mexican Ancestry,AMR,American Ancestry
HG01923,male,SAME123788,PEL,Peruvian,AMR,American Ancestry
NA19735,male,SAME124874,MXL,Mexican Ancestry,AMR,American Ancestry
NA19828,male,SAME125246,ASW,African Ancestry SW,AFR,African Ancestry
HG02058,male,SAME125319,KHV,Kinh Vietnamese,EAS,East Asian Ancestry
NA19835,female,SAME125029,ASW,African Ancestry SW,AFR,African Ancestry
NA19747,male,SAME123501,MXL,Mexican Ancestry,AMR,American Ancestry
HG02060,female,SAME1839679,KHV,Kinh Vietnamese,EAS,East Asian Ancestry
HG03595,female,SAME1839185,BEB,Bengali,SAS,South Asian Ancestry
NA19900,male,SAME125050,ASW,African Ancestry SW,AFR,African Ancestry
HG02072,female,SAME123105,KHV,Kinh Vietnamese,EAS,East Asian Ancestry
HG03709,female,SAME1839780,PJL,Punjabi,SAS,South Asian Ancestry
NA19759,male,SAME123707,MXL,Mexican Ancestry,AMR,American Ancestry
HG03711,male,SAME1839894,STU,Tamil,SAS,South Asian Ancestry
NA19652,male,SAME124978,MXL,Mexican Ancestry,AMR,American Ancestry
NA19657,female,SAME123129,MXL,Mexican Ancestry,AMR,American Ancestry
NA19664,male,SAME122955,MXL,Mexican Ancestry,AMR,American Ancestry
HG03730,female,SAME1839369,ITU,Telugu,SAS,South Asian Ancestry
NA19669,female,SAME123903,MXL,Mexican Ancestry,AMR,American Ancestry
HG02053,male,SAME1839543,ACB,African Caribbean,AFR,African Ancestry
HG03742,male,SAME1839255,ITU,Telugu,SAS,South Asian Ancestry
NA19676,male,SAME122790,MXL,Mexican Ancestry,AMR,American Ancestry
HG03761,male,SAME1839114,PJL,Punjabi,SAS,South Asian Ancestry
NA19658,male,SAME123132,MXL,Mexican Ancestry,AMR,American Ancestry
NA19734,female,SAME124873,MXL,Mexican Ancestry,AMR,American Ancestry
NA19660,female,SAME122958,MXL,Mexican Ancestry,AMR,American Ancestry
HG03689,female,SAME1840268,STU,Tamil,SAS,South Asian Ancestry
NA19753,male,SAME123701,MXL,Mexican Ancestry,AMR,American Ancestry
HG02445,male,SAME1840341,ACB,African Caribbean,AFR,African Ancestry
NA20294,female,SAME124776,ASW,African Ancestry SW,AFR,African Ancestry
HG02318,female,SAME1839391,ACB,African Caribbean,AFR,African Ancestry
HG03780,female,SAME1840112,ITU,Telugu,SAS,South Asian Ancestry
HG02325,female,SAME1839521,ACB,African Caribbean,AFR,African Ancestry
HG02332,male,SAME1839315,ACB,African Caribbean,AFR,African Ancestry
HG03792,male,SAME1839912,ITU,Telugu,SAS,South Asian Ancestry
NA20281,male,SAME124584,ASW,African Ancestry SW,AFR,African Ancestry
NA20314,female,SAME125304,ASW,African Ancestry SW,AFR,African Ancestry
HG02337,female,SAME1839296,ACB,African Caribbean,AFR,African Ancestry
HG03797,male,SAME1839931,BEB,Bengali,SAS,South Asian Ancestry
NA19758,female,SAME123706,MXL,Mexican Ancestry,AMR,American Ancestry
NA19393,male,SAME124496,LWK,Luhya,AFR,African Ancestry
HG03800,male,SAME1839595,BEB,Bengali,SAS,South Asian Ancestry
NA19398,female,SAME124497,LWK,Luhya,AFR,African Ancestry
HG03805,female,SAME1839540,BEB,Bengali,SAS,South Asian Ancestry
HG03812,male,SAME1839405,BEB,Bengali,SAS,South Asian Ancestry
NA19432,female,SAME123855,LWK,Luhya,AFR,African Ancestry
HG03824,male,SAME1839459,BEB,Bengali,SAS,South Asian Ancestry
NA19385,male,SAME124271,LWK,Luhya,AFR,African Ancestry
HG02250,male,SAME1839268,CDX,Dai Chinese,EAS,East Asian Ancestry
NA19397,male,SAME124492,LWK,Luhya,AFR,African Ancestry
NA19711,male,SAME124446,ASW,African Ancestry SW,AFR,African Ancestry
HG02274,male,SAME1840306,PEL,Peruvian,AMR,American Ancestry
HG02180,female,SAME123208,CDX,Dai Chinese,EAS,East Asian Ancestry
HG04118,female,SAME1839379,ITU,Telugu,SAS,South Asian Ancestry
HG04132,female,SAME1839287,BEB,Bengali,SAS,South Asian Ancestry
NA20357,female,SAME124599,ASW,African Ancestry SW,AFR,African Ancestry
HG02224,male,SAME1839579,IBS,Iberian,EUR,European Ancestry
HG04149,male,SAME1839120,BEB,Bengali,SAS,South Asian Ancestry
NA20504,female,SAME124360,TSI,Toscani,EUR,European Ancestry
HG02231,male,SAME1839376,IBS,Iberian,EUR,European Ancestry
HG04156,female,SAME1840389,BEB,Bengali,SAS,South Asian Ancestry
HG02522,female,SAME1840326,KHV,Kinh Vietnamese,EAS,East Asian Ancestry
HG03999,male,SAME1839416,STU,Tamil,SAS,South Asian Ancestry
NA19703,male,SAME124230,ASW,African Ancestry SW,AFR,African Ancestry
HG04017,male,SAME1839851,ITU,Telugu,SAS,South Asian Ancestry
HG02546,female,SAME1839932,ACB,African Caribbean,AFR,African Ancestry
HG04024,female,SAME1839708,ITU,Telugu,SAS,South Asian Ancestry
NA20363,female,SAME124787,ASW,African Ancestry SW,AFR,African Ancestry
HG02558,female,SAME1840057,ACB,African Caribbean,AFR,African Ancestry
NA20503,female,SAME124357,TSI,Toscani,EUR,European Ancestry
HG03886,female,SAME1840021,STU,Tamil,SAS,South Asian Ancestry
NA20852,male,SAME123244,GIH,Gujarati,SAS,South Asian Ancestry
NA20888,female,SAME125258,GIH,Gujarati,SAS,South Asian Ancestry
NA20863,male,SAME123805,GIH,Gujarati,SAS,South Asian Ancestry
NA20890,male,SAME123671,GIH,Gujarati,SAS,South Asian Ancestry
HG04062,female,SAME1839147,ITU,Telugu,SAS,South Asian Ancestry
HG02490,male,SAME1839625,PJL,Punjabi,SAS,South Asian Ancestry
NA20813,female,SAME125189,TSI,Toscani,EUR,European Ancestry
HG02154,female,SAME124794,CDX,Dai Chinese,EAS,East Asian Ancestry
NA20876,female,SAME123599,GIH,Gujarati,SAS,South Asian Ancestry
NA20883,male,SAME123883,GIH,Gujarati,SAS,South Asian Ancestry
HG03963,male,SAME1840055,ITU,Telugu,SAS,South Asian Ancestry
NA20775,female,SAME124573,TSI,Toscani,EUR,European Ancestry
HG02178,female,SAME124414,CDX,Dai Chinese,EAS,East Asian Ancestry
HG03968,female,SAME1840077,ITU,Telugu,SAS,South Asian Ancestry
NA20787,male,SAME123609,TSI,Toscani,EUR,European Ancestry
HG02382,male,SAME1840025,CDX,Dai Chinese,EAS,East Asian Ancestry
NA20356,male,SAME124598,ASW,African Ancestry SW,AFR,African Ancestry
NA20585,female,SAME122861,TSI,Toscani,EUR,European Ancestry
NA20332,female,SAME124198,ASW,African Ancestry SW,AFR,African Ancestry
HG02402,male,SAME1839412,CDX,Dai Chinese,EAS,East Asian Ancestry
HG02661,female,SAME1839667,PJL,Punjabi,SAS,South Asian Ancestry
NA20534,male,SAME124165,TSI,Toscani,EUR,European Ancestry
NA20539,male,SAME124164,TSI,Toscani,EUR,European Ancestry
NA20530,female,SAME124169,TSI,Toscani,EUR,European Ancestry
HG02678,male,SAME1839477,GWD,Gambian Mandinka,AFR,African Ancestry
HG03925,female,SAME1839025,BEB,Bengali,SAS,South Asian Ancestry
NA20298,male,SAME124382,ASW,African Ancestry SW,AFR,African Ancestry
HG02685,female,SAME1839286,PJL,Punjabi,SAS,South Asian Ancestry
HG04194,male,SAME1839818,BEB,Bengali,SAS,South Asian Ancestry
HG02971,male,SAME1840255,ESN,Esan,AFR,African Ancestry
HG03836,female,SAME1839280,STU,Tamil,SAS,South Asian Ancestry
HG02976,female,SAME1840223,ESN,Esan,AFR,African Ancestry
HG03848,male,SAME1839187,STU,Tamil,SAS,South Asian Ancestry
NA20801,male,SAME125365,TSI,Toscani,EUR,European Ancestry
HG02983,female,SAME1840009,GWD,Gambian Mandinka,AFR,African Ancestry
HG03862,female,SAME1840158,ITU,Telugu,SAS,South Asian Ancestry
NA21103,female,SAME124439,GIH,Gujarati,SAS,South Asian Ancestry
HG02697,female,SAME1839142,PJL,Punjabi,SAS,South Asian Ancestry
NA18499,female,SAME124059,YRI,Yoruba,AFR,African Ancestry
NA20762,male,SAME124744,TSI,Toscani,EUR,European Ancestry
NA18502,female,SAME125055,YRI,Yoruba,AFR,African Ancestry
NA21110,female,SAME124180,GIH,Gujarati,SAS,South Asian Ancestry
HG02724,male,SAME1839740,PJL,"Punjabi,Punjabi",SAS,"South Asia (SGDP),South Asian Ancestry"
NA21126,male,SAME124026,GIH,Gujarati,SAS,South Asian Ancestry
NA21127,male,SAME124027,GIH,Gujarati,SAS,South Asian Ancestry
NA18526,female,SAME124673,CHB,Han Chinese,EAS,East Asian Ancestry
HG02577,female,SAME1839642,ACB,African Caribbean,AFR,African Ancestry
NA20899,female,SAME123140,GIH,Gujarati,SAS,South Asian Ancestry
HG02604,female,SAME1840282,PJL,Punjabi,SAS,South Asian Ancestry
NA07048,male,SAME124188,CEU,CEPH,EUR,European Ancestry
HG02611,female,SAME1840401,GWD,Gambian Mandinka,AFR,African Ancestry
NA21099,male,SAME123325,GIH,Gujarati,SAS,South Asian Ancestry
NA21102,female,SAME124438,GIH,Gujarati,SAS,South Asian Ancestry
NA21114,male,SAME124184,GIH,Gujarati,SAS,South Asian Ancestry
NA12802,female,SAME122828,CEU,CEPH,EUR,European Ancestry
HG02635,female,SAME1840023,GWD,Gambian Mandinka,AFR,African Ancestry
NA12376,female,SAME123275,CEU,CEPH,EUR,European Ancestry
HG02793,female,SAME1840415,PJL,Punjabi,SAS,South Asian Ancestry
NA12890,female,SAME124116,CEU,CEPH,EUR,European Ancestry
NA10851,male,SAME125317,CEU,CEPH,EUR,European Ancestry
NA10856,male,SAME124935,CEU,CEPH,EUR,European Ancestry
HG02781,female,SAME1839167,PJL,Punjabi,SAS,South Asian Ancestry
HG02938,male,SAME1839284,ESN,Esan,AFR,African Ancestry
HG03241,female,SAME1839053,GWD,Gambian Mandinka,AFR,African Ancestry
HG03258,male,SAME1840296,GWD,Gambian Mandinka,AFR,African Ancestry
HG03265,male,SAME1840167,ESN,Esan,AFR,African Ancestry
NA18538,female,SAME123774,CHB,Han Chinese,EAS,East Asian Ancestry
NA18552,female,SAME124089,CHB,Han Chinese,EAS,East Asian Ancestry
HG03361,male,SAME1839942,ESN,Esan,AFR,African Ancestry
HG03373,male,SAME1839720,ESN,Esan,AFR,African Ancestry
NA19012,male,SAME124260,JPT,Japanese,EAS,East Asian Ancestry
NA19017,female,SAME124259,LWK,Luhya,AFR,African Ancestry
NA19024,female,SAME124851,LWK,Luhya,AFR,African Ancestry
NA19031,male,SAME123543,LWK,Luhya,AFR,African Ancestry
NA18862,male,SAME125118,YRI,Yoruba,AFR,African Ancestry
HG03133,male,SAME1839375,ESN,Esan,AFR,African Ancestry
NA18867,female,SAME124904,YRI,Yoruba,AFR,African Ancestry
NA18874,male,SAME125105,YRI,Yoruba,AFR,African Ancestry
NA18639,male,SAME124694,CHB,Han Chinese,EAS,East Asian Ancestry
HG03171,female,SAME1840386,ESN,Esan,AFR,African Ancestry
NA18956,female,SAME124110,JPT,Japanese,EAS,East Asian Ancestry
NA18968,female,SAME123953,JPT,Japanese,EAS,East Asian Ancestry
HG03311,male,SAME1839206,ESN,Esan,AFR,African Ancestry
HG03342,female,SAME1840350,ESN,Esan,AFR,African Ancestry
NA18571,female,SAME123740,CHB,Han Chinese,EAS,East Asian Ancestry
HG03114,female,SAME1839907,ESN,Esan,AFR,African Ancestry
NA18595,female,SAME123228,CHB,Han Chinese,EAS,East Asian Ancestry
NA18603,male,SAME124875,CHB,Han Chinese,EAS,East Asian Ancestry
HG03690,female,SAME1840365,STU,Tamil,SAS,South Asian Ancestry
NA18913,male,SAME123403,YRI,Yoruba,AFR,African Ancestry
HG03695,male,SAME1840128,STU,Tamil,SAS,South Asian Ancestry
HG03703,female,SAME1840032,PJL,Punjabi,SAS,South Asian Ancestry
NA18944,male,SAME124314,JPT,Japanese,EAS,East Asian Ancestry
HG03493,female,SAME1839198,ESN,Esan,AFR,African Ancestry
HG03518,male,SAME1840169,ESN,Esan,AFR,African Ancestry
NA19238,female,SAME124999,YRI,Yoruba,AFR,African Ancestry
HG03708,male,SAME1839773,PJL,Punjabi,SAS,South Asian Ancestry
HG03722,female,SAME1839664,ITU,Telugu,SAS,South Asian Ancestry
HG03727,male,SAME1839695,ITU,Telugu,SAS,South Asian Ancestry
NA19310,female,SAME123449,LWK,Luhya,AFR,African Ancestry
HG03741,female,SAME1839251,STU,Tamil,SAS,South Asian Ancestry
HG03746,male,SAME1839200,STU,Tamil,SAS,South Asian Ancestry
NA19391,female,SAME124494,LWK,Luhya,AFR,African Ancestry
HG03753,male,SAME1839062,STU,Tamil,SAS,South Asian Ancestry
HG03760,female,SAME1839105,STU,Tamil,SAS,South Asian Ancestry
NA19086,male,SAME123366,JPT,Japanese,EAS,East Asian Ancestry
HG03607,female,SAME1840254,BEB,Bengali,SAS,South Asian Ancestry
NA19101,male,SAME123955,YRI,Yoruba,AFR,African Ancestry
NA19113,male,SAME123838,YRI,Yoruba,AFR,African Ancestry
HG03633,male,SAME1839571,PJL,Punjabi,SAS,South Asian Ancestry
NA19118,female,SAME122943,YRI,Yoruba,AFR,African Ancestry
HG03455,female,SAME1839766,MSL,Mende,AFR,African Ancestry
HG03462,male,SAME1839817,MSL,Mende,AFR,African Ancestry
NA19137,female,SAME125235,YRI,Yoruba,AFR,African Ancestry
NA19144,male,SAME123373,YRI,Yoruba,AFR,African Ancestry
HG03640,female,SAME1839621,PJL,Punjabi,SAS,South Asian Ancestry
NA19207,male,SAME122984,YRI,Yoruba,AFR,African Ancestry
HG03645,female,SAME1839641,STU,Tamil,SAS,South Asian Ancestry
NA19327,female,SAME123473,LWK,Luhya,AFR,African Ancestry
HG03582,male,SAME1839271,MSL,Mende,AFR,African Ancestry
HG03397,male,SAME1839400,MSL,Mende,AFR,African Ancestry
NA19043,male,SAME125243,LWK,Luhya,AFR,African Ancestry
HG03431,female,SAME1840101,MSL,Mende,AFR,African Ancestry
NA19055,male,SAME125027,JPT,Japanese,EAS,East Asian Ancestry
HG03809,male,SAME1839554,BEB,Bengali,SAS,South Asian Ancestry
HG03816,female,SAME1839424,BEB,Bengali,SAS,South Asian Ancestry
HG03830,male,SAME1839341,BEB,Bengali,SAS,South Asian Ancestry
NA19315,female,SAME123310,LWK,Luhya,AFR,African Ancestry
NA19834,male,SAME125030,ASW,African Ancestry SW,AFR,African Ancestry
NA19904,male,SAME125047,ASW,African Ancestry SW,AFR,African Ancestry
NA19909,female,SAME125052,ASW,African Ancestry SW,AFR,African Ancestry
NA19916,male,SAME125271,ASW,African Ancestry SW,AFR,African Ancestry
NA19707,female,SAME124234,ASW,African Ancestry SW,AFR,African Ancestry
NA19651,female,SAME123123,MXL,Mexican Ancestry,AMR,American Ancestry
HG04131,male,SAME1839279,BEB,Bengali,SAS,South Asian Ancestry
NA19663,female,SAME122961,MXL,Mexican Ancestry,AMR,American Ancestry
NA19675,female,SAME122791,MXL,Mexican Ancestry,AMR,American Ancestry
NA19740,female,SAME124719,MXL,Mexican Ancestry,AMR,American Ancestry
HG03900,male,SAME1839476,STU,Tamil,SAS,South Asian Ancestry
HG03929,male,SAME1839046,BEB,Bengali,SAS,South Asian Ancestry
HG03931,female,SAME1840305,BEB,Bengali,SAS,South Asian Ancestry
HG03842,female,SAME1839160,STU,Tamil,SAS,South Asian Ancestry
NA19985,female,SAME123900,ASW,African Ancestry SW,AFR,African Ancestry
HG03854,male,SAME1840283,STU,Tamil,SAS,South Asian Ancestry
NA20127,female,SAME122884,ASW,African Ancestry SW,AFR,African Ancestry
NA20278,male,SAME123617,ASW,African Ancestry SW,AFR,African Ancestry
HG03784,female,SAME1840210,ITU,Telugu,SAS,South Asian Ancestry
NA20336,female,SAME124194,ASW,African Ancestry SW,AFR,African Ancestry
NA12801,male,SAME122827,CEU,CEPH,EUR,European Ancestry
NA20778,male,SAME124571,TSI,Toscani,EUR,European Ancestry
NA20785,male,SAME123611,TSI,Toscani,EUR,European Ancestry
NA20805,male,SAME125361,TSI,Toscani,EUR,European Ancestry
NA20526,female,SAME124014,TSI,Toscani,EUR,European Ancestry
NA10843,female,SAME124754,CEU,CEPH,EUR,European Ancestry
NA20538,male,SAME124163,TSI,Toscani,EUR,European Ancestry
NA10850,female,SAME124929,CEU,CEPH,EUR,European Ancestry
NA20540,female,SAME125148,TSI,Toscani,EUR,European Ancestry
NA20514,female,SAME124558,TSI,Toscani,EUR,European Ancestry
NA20867,male,SAME123809,GIH,Gujarati,SAS,South Asian Ancestry
NA20348,male,SAME124407,ASW,African Ancestry SW,AFR,African Ancestry
NA20893,female,SAME123668,GIH,Gujarati,SAS,South Asian Ancestry
NA20898,male,SAME123141,GIH,Gujarati,SAS,South Asian Ancestry
NA20901,male,SAME122919,GIH,Gujarati,SAS,South Asian Ancestry
NA20588,male,SAME122866,TSI,Toscani,EUR,European Ancestry
HG04186,female,SAME1839753,BEB,Bengali,SAS,South Asian Ancestry
NA20761,female,SAME124363,TSI,Toscani,EUR,European Ancestry
HG04198,male,SAME1839835,ITU,Telugu,SAS,South Asian Ancestry
NA18498,male,SAME124058,YRI,Yoruba,AFR,African Ancestry
NA21098,male,SAME123324,GIH,Gujarati,SAS,South Asian Ancestry
NA21101,female,SAME124441,GIH,Gujarati,SAS,South Asian Ancestry
NA18520,female,SAME123565,YRI,Yoruba,AFR,African Ancestry
NA18525,female,SAME124672,CHB,Han Chinese,EAS,East Asian Ancestry
NA21113,male,SAME124181,GIH,Gujarati,SAS,South Asian Ancestry
NA18912,female,SAME123404,YRI,Yoruba,AFR,African Ancestry
NA21118,male,SAME123585,GIH,Gujarati,SAS,South Asian Ancestry
NA21120,female,SAME124028,GIH,Gujarati,SAS,South Asian Ancestry
NA18859,male,SAME124731,YRI,Yoruba,AFR,African Ancestry
NA18873,female,SAME123536,YRI,Yoruba,AFR,African Ancestry
NA18621,male,SAME124509,CHB,Han Chinese,EAS,East Asian Ancestry
NA18570,female,SAME123741,CHB,Han Chinese,EAS,East Asian Ancestry
NA18599,female,SAME123713,CHB,Han Chinese,EAS,East Asian Ancestry
NA18532,female,SAME124482,CHB,Han Chinese,EAS,East Asian Ancestry
NA18537,female,SAME124485,CHB,Han Chinese,EAS,East Asian Ancestry
NA18544,male,SAME124265,CHB,Han Chinese,EAS,East Asian Ancestry
NA18974,male,SAME123768,JPT,Japanese,EAS,East Asian Ancestry
NA18981,female,SAME123426,JPT,Japanese,EAS,East Asian Ancestry
NA19080,female,SAME125313,JPT,Japanese,EAS,East Asian Ancestry
NA19011,female,SAME124512,JPT,Japanese,EAS,East Asian Ancestry
NA19028,male,SAME124848,LWK,Luhya,AFR,African Ancestry
NA19129,female,SAME125021,YRI,Yoruba,AFR,African Ancestry
NA19307,male,SAME124981,LWK,Luhya,AFR,African Ancestry
NA19059,female,SAME125023,JPT,Japanese,EAS,East Asian Ancestry
NA19319,male,SAME123438,LWK,Luhya,AFR,African Ancestry
NA18540,female,SAME124269,CHB,Han Chinese,EAS,East Asian Ancestry
NA19679,male,SAME122796,MXL,Mexican Ancestry,AMR,American Ancestry
NA19701,female,SAME124232,ASW,African Ancestry SW,AFR,African Ancestry
NA15725,male,,,Czech,,West Eurasia (SGDP)
NA19720,male,SAME124118,MXL,Mexican Ancestry,AMR,American Ancestry
NA15732,female,,,Czech,,West Eurasia (SGDP)
NA19383,male,SAME124273,LWK,Luhya,AFR,African Ancestry
NA20820,male,,TSI,Toscani,EUR,European Ancestry
NA19403,female,SAME123636,LWK,Luhya,AFR,African Ancestry
NA19439,female,SAME123847,LWK,Luhya,AFR,African Ancestry
NA19655,male,SAME124980,MXL,Mexican Ancestry,AMR,American Ancestry
NA19819,female,SAME124676,ASW,African Ancestry SW,AFR,African Ancestry
NA19908,male,SAME125053,ASW,African Ancestry SW,AFR,African Ancestry
NA19453,male,SAME125413,LWK,Luhya,AFR,African Ancestry
NA19472,female,SAME123120,LWK,Luhya,AFR,African Ancestry
NA19770,female,SAME124068,MXL,Mexican Ancestry,AMR,American Ancestry
NA19782,female,SAME123145,MXL,Mexican Ancestry,AMR,American Ancestry
NA19749,female,SAME124726,MXL,Mexican Ancestry,AMR,American Ancestry
NA19338,female,SAME123274,LWK,Luhya,AFR,African Ancestry
NA19352,male,SAME124075,LWK,Luhya,AFR,African Ancestry
NA20847,female,SAME123432,GIH,Gujarati,SAS,South Asian Ancestry
NA20359,female,SAME124601,ASW,African Ancestry SW,AFR,African Ancestry
NA20520,male,SAME124019,TSI,Toscani,EUR,European Ancestry
NA20525,male,SAME124015,TSI,Toscani,EUR,European Ancestry
NA20532,male,SAME124171,TSI,Toscani,EUR,European Ancestry
NA20289,female,SAME124579,ASW,African Ancestry SW,AFR,African Ancestry
NA20587,female,SAME123481,TSI,Toscani,EUR,European Ancestry
NA20753,female,SAME124178,TSI,Toscani,EUR,European Ancestry
NA20861,male,SAME123807,GIH,Gujarati,SAS,South Asian Ancestry
NA20866,male,SAME123808,GIH,Gujarati,SAS,South Asian Ancestry
NA20873,male,SAME122841,GIH,Gujarati,SAS,South Asian Ancestry
NA20885,male,SAME124525,GIH,Gujarati,SAS,South Asian Ancestry
NA20342,male,SAME124398,ASW,African Ancestry SW,AFR,African Ancestry
NA21117,male,SAME124185,GIH,Gujarati,SAS,South Asian Ancestry
NA21124,male,SAME124024,GIH,Gujarati,SAS,South Asian Ancestry
NA20900,female,SAME122920,GIH,Gujarati,SAS,South Asian Ancestry
NA15729,female,,,Czech,,West Eurasia (SGDP)
NA15728,male,SAMEA3302844,,Czech,,West Eurasia (SGDP)
NA15204,female,,,Hungarian,,West Eurasia (SGDP)
NA15730,female,,,Czech,,West Eurasia (SGDP)
NA18741,female,,CHB,Han Chinese,EAS,East Asian Ancestry
NA19193,female,,YRI,Yoruba,AFR,African Ancestry
